{"cameraMode":{"drawMode":0,"name":"Shaded","section":"Shading Mode"},"sceneLighting":false,"audioPlay":false,"sceneViewState":{"showFog":true,"showMaterialUpdate":false,"showSkybox":false,"showFlares":true,"showImageEffects":true,"showParticleSystems":true},"in2DMode":false,"pivot":{"x":-22.202999114990236,"y":2.672307014465332,"z":4.138256072998047},"rotation":{"x":-0.15914666652679444,"y":0.24685534834861756,"z":-0.03652826324105263,"w":-0.956170380115509},"size":1.9099618196487427,"orthographic":false}