{"cameraMode":{"drawMode":0,"name":"Shaded","section":"Shading Mode"},"sceneLighting":false,"audioPlay":false,"sceneViewState":{"showFog":true,"showMaterialUpdate":false,"showSkybox":false,"showFlares":true,"showImageEffects":true,"showParticleSystems":true},"in2DMode":false,"pivot":{"x":1.249592661857605,"y":4.057788372039795,"z":5.037815093994141},"rotation":{"x":-0.006431464571505785,"y":0.9984890222549439,"z":-0.04204412177205086,"w":-0.054060354828834537},"size":4.50014066696167,"orthographic":false}